question,answer,score
jelaskan dengan bahasamu sendiri apa yang dimaksud dengan teks laporan hasil observasi,lho adalah teks yang berisi hasil pengamatan terhadap suatu objek secara faktual,10
sebutkan tiga ciri utama dari teks laporan hasil observasi,faktual objektif menggunakan bahasa baku,10
apa tujuan dibuatnya teks laporan hasil observasi jelaskan secara sederhana,memberi informasi faktual kepada pembaca,10
jelaskan apa yang dimaksud dengan teks anekdot menurut pemahamanmu,cerita singkat yang lucu atau menyindir,10
sebutkan dua ciri yang selalu ada dalam teks anekdot,mengandung kelucuan dan sindiran,10
sebutkan struktur teks anekdot dan jelaskan secara singkat setiap bagiannya,abstraksi orientasi krisis reaksi koda,10
apa yang dimaksud dengan hikayat jelaskan dengan bahasamu sendiri,cerita lama yang berisi keajaiban dan unsur fantastis,10
sebutkan tiga ciri khas hikayat sebagai karya sastra lama,tokoh sakti alur sederhana penuh keajaiban,10
sebutkan struktur umum hikayat dan jelaskan fungsi masing masing bagian,pendahuluan peristiwa penutup,10
dari ketiga jenis teks lho anekdot hikayat pilih salah satu dan jelaskan pesan atau nilai yang biasanya ingin disampaikan penulis melalui teks tersebut berdasarkan pemahamanmu,hikayat mengajarkan keberanian dan kejujuran,10
jelaskan dengan bahasamu sendiri apa yang dimaksud dengan teks laporan hasil observasi,teks lho adalah teks yg kita tulis dari melihat atau menonton suatu seperti hewan tumbuhan atau penjelasan secara rinci,10
sebutkan tiga ciri utama dari teks laporan hasil observasi,bersifat objektif disusun sistematis ditulis berdasarkan fakta,10
apa tujuan dibuatnya teks laporan hasil observasi jelaskan secara sederhana,untuk menjelaskan suatu benda peristiwa,0
jelaskan apa yang dimaksud dengan teks anekdot menurut pemahamanmu,teks anekdot cerita singkat yg lucu menyindir,10
sebutkan dua ciri yang selalu ada dalam teks anekdot,mengandung humor berdasarkan kejadian yang hampir nyata,10
sebutkan struktur teks anekdot dan jelaskan secara singkat setiap bagiannya,abstrak krisis koda orientasi rekasi,10
apa yang dimaksud dengan hikayat jelaskan dengan bahasamu sendiri,cerita klasik yg berisi tentang tokoh hebat biasanya banyak kejadian,10
sebutkan tiga ciri khas hikayat sebagai karya sastra lama,mengandung unsur fantastis bersifat turun temurun cerita berdasarkan kejadian,5
sebutkan struktur umum hikayat dan jelaskan fungsi masing masing bagian,tema tokoh alur latar alamat,0
dari ketiga jenis teks lho anekdot hikayat pilih salah satu dan jelaskan pesan atau nilai yang biasanya ingin disampaikan penulis melalui teks tersebut berdasarkan pemahamanmu,nilai moral krisis sosial informasi penting pelajaran hidup yg ingin disampaikan si penulis,0
jelaskan dengan bahasamu sendiri apa yang dimaksud dengan teks laporan hasil observasi,laporan berisi fakta dan hasil pengamatan,10
sebutkan tiga ciri utama dari teks laporan hasil observasi,fakta teratur dan jelas bahasa baku,10
apa tujuan dibuatnya teks laporan hasil observasi jelaskan secara sederhana,menyampaikan fakta hasil pengamatan,5
jelaskan apa yang dimaksud dengan teks anekdot menurut pemahamanmu,cerita pendek yang lucu sekaligus menyindir,10
sebutkan dua ciri yang selalu ada dalam teks anekdot,lucu kritik dan menyindir,10
sebutkan struktur teks anekdot dan jelaskan secara singkat setiap bagiannya,abraksi pembuka cerita orientasi mengenalkan situasi dan tokoh kritik masalah atau kejadian reaksi penyelesaian koda penutup pesan,10
apa yang dimaksud dengan hikayat jelaskan dengan bahasamu sendiri,crita tradisional tentang tokoh luar biasah dengan unsur fantasi,0
sebutkan tiga ciri khas hikayat sebagai karya sastra lama,mengandung unsur khayal tokoh istimewa melayu klasik,0
sebutkan struktur umum hikayat dan jelaskan fungsi masing masing bagian,pengantar isi pristiwa penutup,0
dari ketiga jenis teks lho anekdot hikayat pilih salah satu dan jelaskan pesan atau nilai yang biasanya ingin disampaikan penulis melalui teks tersebut berdasarkan pemahamanmu,lho jangan buang sampah sembarangan karena menyebabkan banjir,0
jelaskan dengan bahasamu sendiri apa yang dimaksud dengan teks laporan hasil observasi,lho laporan berisi fakta dari hasil pengamatan,10
sebutkan tiga ciri utama dari teks laporan hasil observasi,berisi fakta menggunakan bahasa baku disusun teratur dan jelas,10
apa tujuan dibuatnya teks laporan hasil observasi jelaskan secara sederhana,menyampaikan fakta hasil pengamatan,5
jelaskan apa yang dimaksud dengan teks anekdot menurut pemahamanmu,cerita pendek yang lucu sekaligus menyindir,10
sebutkan dua ciri yang selalu ada dalam teks anekdot,bersifat lucu dan menghibur bersifat menyindir mengkritik,10
sebutkan struktur teks anekdot dan jelaskan secara singkat setiap bagiannya,abstraksi pembuka cerita bagian awal yang memberikan gambaran umum orientasi bagian yang berfungsi untuk mengenalkan situasi reaksi tanggapan penyelesaian,10
apa yang dimaksud dengan hikayat jelaskan dengan bahasamu sendiri,hikayat cerita tradisional tentang tokoh luar biasanya dengan unsur fantasi,0
sebutkan tiga ciri khas hikayat sebagai karya sastra lama,menampilkan tokoh istimewa menggunakan bahasa melayu menggunakan unsur khayalan,0
sebutkan struktur umum hikayat dan jelaskan fungsi masing masing bagian,pengertian isi peristiwa penutup,10
dari ketiga jenis teks lho anekdot hikayat pilih salah satu dan jelaskan pesan atau nilai yang biasanya ingin disampaikan penulis melalui teks tersebut berdasarkan pemahamanmu,lho berisi fakta kenyataan karena tidak buatan dan penyampaian yang di beri berakurat atau tidak bohong dan tidak fiksi di buat buat,10
jelaskan dengan bahasamu sendiri apa yang dimaksud dengan teks laporan hasil observasi,teks yang mnjelaskan laporan yang berisi hasi pengamatan suatu objek tempat hewan tumbuhan d prsitiwa secara nyata,10
sebutkan tiga ciri utama dari teks laporan hasil observasi,brsifat faktual bersifat objektif disajikan scara sistematis,10
apa tujuan dibuatnya teks laporan hasil observasi jelaskan secara sederhana,memberikan informasi yang akurat tntang objek yang diteliti amati,10
jelaskan apa yang dimaksud dengan teks anekdot menurut pemahamanmu,yaitu teks yang menceritakan kejadian nyata imajinatif yang bersifat lucu unik menyampaikan pesan dg cara menyindir,10
sebutkan dua ciri yang selalu ada dalam teks anekdot,mengandung unsur humor hal lucu memiliki unsur sindiran kritik,10
sebutkan struktur teks anekdot dan jelaskan secara singkat setiap bagiannya,abstraksi pembuka menarik prhatian pmbaca orientasi memberikan latar blkng cerita krisis mnjdi inti cerita reaksi penyelesaian koda penutup,10
apa yang dimaksud dengan hikayat jelaskan dengan bahasamu sendiri,hikayat adalah karya sastra lama yang berisi cerita tntang tokoh tokoh sprti raja putri dll,10
sebutkan tiga ciri khas hikayat sebagai karya sastra lama,tokoh digambarkan luar biasa mengandung unsur keajaiban hal gaib brsifat istana,10
sebutkan struktur umum hikayat dan jelaskan fungsi masing masing bagian,pendahuluan untuk membuka cerita pristiwa isi yang trjadi penutup penutup cerita,10
dari ketiga jenis teks lho anekdot hikayat pilih salah satu dan jelaskan pesan atau nilai yang biasanya ingin disampaikan penulis melalui teks tersebut berdasarkan pemahamanmu,teks anekdot mmberi pesan moral kritik yang ingin dismpaikan penulis melalui cerita lucu dan mnyindir,10
jelaskan dengan bahasamu sendiri apa yang dimaksud dengan teks laporan hasil observasi,teks laporan yaitu teks yang awal mulainya tahu kejadian,10
sebutkan tiga ciri utama dari teks laporan hasil observasi,dimana kapan dan siapa,0
apa tujuan dibuatnya teks laporan hasil observasi jelaskan secara sederhana,agar kita tidak susah mencari laporan,0
jelaskan apa yang dimaksud dengan teks anekdot menurut pemahamanmu,cerita singkat yg berisi cerita cerita lucu sindiran,10
sebutkan dua ciri yang selalu ada dalam teks anekdot,pembahasan cerita singkat,10
sebutkan struktur teks anekdot dan jelaskan secara singkat setiap bagiannya,abstraksi gambaran krisis bagian inti,10
apa yang dimaksud dengan hikayat jelaskan dengan bahasamu sendiri,karya satsra lama mlayu berbentuk prosa yg berisi cerita,10
sebutkan tiga ciri khas hikayat sebagai karya sastra lama,mustahil istana santris anunim,0
sebutkan struktur umum hikayat dan jelaskan fungsi masing masing bagian,abstraksi orientasi kompleks evatuasi,0
dari ketiga jenis teks lho anekdot hikayat pilih salah satu dan jelaskan pesan atau nilai yang biasanya ingin disampaikan penulis melalui teks tersebut berdasarkan pemahamanmu,pembahasan jurusan menggunakan bhs baku secara sistem,0
jelaskan dengan bahasamu sendiri apa yang dimaksud dengan teks laporan hasil observasi,lho adalah secara singkat pengertian teks yang berisi penjabaran umum dan pelaporan hasil pengamatan yg sistematik terhadap suara objek benda hewan tumbuhan fenomena alam,10
sebutkan tiga ciri utama dari teks laporan hasil observasi,ciri ciri teks lho objek ilmiah sistematis terstruktur bahasa baku ilmiah fokus pada objek tunggal informatif tidak ada prasangka,10
apa tujuan dibuatnya teks laporan hasil observasi jelaskan secara sederhana,tujuannya di buatnya lho untuk melaporkan hasil pengamatan secara sistematis agar dapat di pahami dan di gunakan sebagai landasan untuk tindakan atau pemahaman lebih lanjut,10
jelaskan apa yang dimaksud dengan teks anekdot menurut pemahamanmu,teks anekdot adalah tulisan singkat berisi cerita lucu sindiran,10
sebutkan dua ciri yang selalu ada dalam teks anekdot,cerita singkat humor,10
sebutkan struktur teks anekdot dan jelaskan secara singkat setiap bagiannya,abstrak pembuka dari sebuah cerita oreantasi menjelaskan latar tokoh dan situasi krisis bagian ini dari kejadian luka reaksi seorang tokoh memberikan respon koda penutup dari sebuah cerita,10
apa yang dimaksud dengan hikayat jelaskan dengan bahasamu sendiri,hikayat adalah karya sastra mlayu klasik hikayat termasuk kedalam teks cerita rakyat juga cerita perkaan berisi cerita sisilah udd yg bersifat sejarah keagamaan dan dll,10
sebutkan tiga ciri khas hikayat sebagai karya sastra lama,bersifat tentang sentris proogis tidak logis statis logis,10
sebutkan struktur umum hikayat dan jelaskan fungsi masing masing bagian,abstraksi oreantasi komplikasi evaluasi koda,10
dari ketiga jenis teks lho anekdot hikayat pilih salah satu dan jelaskan pesan atau nilai yang biasanya ingin disampaikan penulis melalui teks tersebut berdasarkan pemahamanmu,lho adalah secara singkat pengertian teks yang berisi penjabaran umum pesan yang biasanya di sampaikan penulis ialah objek sistematis bahasa baku ilmiah,10
jelaskan dengan bahasamu sendiri apa yang dimaksud dengan teks laporan hasil observasi,tulisan yg menyajikan informasi hasil pengamatan langsung terhadap objek tertentu,10
sebutkan tiga ciri utama dari teks laporan hasil observasi,berdasarkan faktan dan pengamatan langsung struktur terorganisir dan sistematis bahasa jelas tegas dan objektif,10
apa tujuan dibuatnya teks laporan hasil observasi jelaskan secara sederhana,untuk menyampaikan informasi akurat dan terpercaya tentang objek yang di amati kepada pembaca,10
jelaskan apa yang dimaksud dengan teks anekdot menurut pemahamanmu,cerita singkat yang berisi pujian keritikan pada suatu perilaku kebijakan dengna cara menghibur dan tetap ada pesan moralnya,10
sebutkan dua ciri yang selalu ada dalam teks anekdot,cerita singkat sindiran,10
sebutkan struktur teks anekdot dan jelaskan secara singkat setiap bagiannya,abstraksi gambaran cerita orientasi latar cerita memperkenalkan tokoh tempat dan waktu krisis bagian inti cerita reaksi tanggapan koda penutup cerita,10
apa yang dimaksud dengan hikayat jelaskan dengan bahasamu sendiri,karya sastra prosa melayu yang berisi cerita undangan undangan yg bersifat keagamaan rekaan dan historis,10
sebutkan tiga ciri khas hikayat sebagai karya sastra lama,mustahil istana sentris anonim menceritakan tentang tokoh pahalawan mengandung unsur metologi menyampaikan pesan moral,10
sebutkan struktur umum hikayat dan jelaskan fungsi masing masing bagian,abstaksi gambaran cerita orientasi latas cerita komplikasi bagian inti masalah evaluasi bagian pembenaran resolusi solusi dalam cerita koda penutup,10
dari ketiga jenis teks lho anekdot hikayat pilih salah satu dan jelaskan pesan atau nilai yang biasanya ingin disampaikan penulis melalui teks tersebut berdasarkan pemahamanmu,poin utama kelebihan dan kesetiaan terhadap tanah air,0
jelaskan dengan bahasamu sendiri apa yang dimaksud dengan teks laporan hasil observasi,teks lho adalah teks penjabaran umum suatu objek sesuatu berupa hasil pengamatan observasi,10
sebutkan tiga ciri utama dari teks laporan hasil observasi,ciri utama teks lho disusun secara struktur menggunakan bahasa baku dan ilmiah bersifat objektif,10
apa tujuan dibuatnya teks laporan hasil observasi jelaskan secara sederhana,tujuan dibuatnya teks lho adalah untuk menjelaskan informasi bedasarkan aoa yang diamati secara langsung,10
jelaskan apa yang dimaksud dengan teks anekdot menurut pemahamanmu,teks anekdot adalah teks yang berisi kritikan dan didalamnya terdapat lelucon humor,10
sebutkan dua ciri yang selalu ada dalam teks anekdot,ciri ciri teks anekdot mengandung kejadian unik berupa kata sindiran lelucon,10
sebutkan struktur teks anekdot dan jelaskan secara singkat setiap bagiannya,struktur teks anekdot abstrak orientasi pengenalan suatu kejadian krisis timbul masalah rekasi menyelesaikan masalah koda akhir cerita ending,10
apa yang dimaksud dengan hikayat jelaskan dengan bahasamu sendiri,teks hikayat adalah karya sastra lama melayu berbentuk prosa berisi cerita historis kesaktian kehebatan,10
sebutkan tiga ciri khas hikayat sebagai karya sastra lama,ciri khas hikayat unsur fantastis ada cerita keajaiban menggunakan bahasa melayu asli,10
sebutkan struktur umum hikayat dan jelaskan fungsi masing masing bagian,struktur teks hikayat abstrak orientasi pengenalan tokoh komplikasi munculnya suatu masalah klimaks resolusi koda ending ddari cerita pendahuluan pembuka cerita peristiwa isi dari cerita penutup ending dari cerita,10
dari ketiga jenis teks lho anekdot hikayat pilih salah satu dan jelaskan pesan atau nilai yang biasanya ingin disampaikan penulis melalui teks tersebut berdasarkan pemahamanmu,teks anekdot menyampaikan pesan kritikan sindiran yang disampaikan penulis lewat cerita humoris lelucon,10
jelaskan dengan bahasamu sendiri apa yang dimaksud dengan teks laporan hasil observasi,lho singkatan dari laporan hasil observasi lho merupakan laporan yang berisi hasil pengamatan terhadap suatu objek,10
sebutkan tiga ciri utama dari teks laporan hasil observasi,bersifat objektif data virtual dan menggunakan bahasa baku,10
apa tujuan dibuatnya teks laporan hasil observasi jelaskan secara sederhana,menyampaikan hasil pengamatan secara jelas dan virtual,8
jelaskan apa yang dimaksud dengan teks anekdot menurut pemahamanmu,teks yang berisi cerita lucu,0
sebutkan dua ciri yang selalu ada dalam teks anekdot,mengandung unsur humor lelucon dan berfungsi sebagai kritik,10
sebutkan struktur teks anekdot dan jelaskan secara singkat setiap bagiannya,abstrak menarik perhatian pembaca krisis membangun konflik,10
apa yang dimaksud dengan hikayat jelaskan dengan bahasamu sendiri,karya satra lama berbentuk prosa yang berisi cerita kehidupan tokoh dengan unsur keajaiban,10
sebutkan tiga ciri khas hikayat sebagai karya sastra lama,mengandung unsur fantastis tokoh digambarkan luar biasa,0
sebutkan struktur umum hikayat dan jelaskan fungsi masing masing bagian,abstrak orientasi pengenalan konflikasi konflik resolusi penyelasaian koda penutup,10
dari ketiga jenis teks lho anekdot hikayat pilih salah satu dan jelaskan pesan atau nilai yang biasanya ingin disampaikan penulis melalui teks tersebut berdasarkan pemahamanmu,hikayat menurut saya karya sastra yang menceritakan tentang masa dahulu tokoh digambarkan sangat luar biasa,10
jelaskan dengan bahasamu sendiri apa yang dimaksud dengan teks laporan hasil observasi,lho singkat dari laporan hasi observasi lho merupakan laporan yang berisi hasi pengamatan terhadap suatu objek peristiwa teks atau dokumen yang memaparkan data dan informasi yang diperoleh melalui kegiatan observasi,10
sebutkan tiga ciri utama dari teks laporan hasil observasi,bersifat objek data faktual menggunakan bahasa baku dan jelas,10
apa tujuan dibuatnya teks laporan hasil observasi jelaskan secara sederhana,menyampaikan hasil pengamatan secara jelas dan faktual mendokumentasikan data hasil observasi,0
jelaskan apa yang dimaksud dengan teks anekdot menurut pemahamanmu,teks berisi singkat yang lucu menggelitik memberikan tujuan kritik,10
sebutkan dua ciri yang selalu ada dalam teks anekdot,mengandung unsur himor kelucuan berfungsi sebagai kritik sindiran sindiran,10
sebutkan struktur teks anekdot dan jelaskan secara singkat setiap bagiannya,objek menarik perhatian pembaca orientasi memberikan latar krisis membangun konflik reaksi memberikan belakang menyelesaikan,10
apa yang dimaksud dengan hikayat jelaskan dengan bahasamu sendiri,karya sastra lama berbetuk proses yang berisi cerita kehidupan tokoh dengan unsur keajaiban kesaktian,10
sebutkan tiga ciri khas hikayat sebagai karya sastra lama,mengandung unsur fantastis tokoh digambarkan luar biasa bertujuan menghibur pelajar moral,10
sebutkan struktur umum hikayat dan jelaskan fungsi masing masing bagian,objek orientasi pengenalan konplikasi konfik peristiwa resolusi penyelesaian kode penutupan,10
dari ketiga jenis teks lho anekdot hikayat pilih salah satu dan jelaskan pesan atau nilai yang biasanya ingin disampaikan penulis melalui teks tersebut berdasarkan pemahamanmu,,0
jelaskan dengan bahasamu sendiri apa yang dimaksud dengan teks laporan hasil observasi,teks yang menggunakan bahasa baku,0
sebutkan tiga ciri utama dari teks laporan hasil observasi,bersifat objek faktual menggunakan bahasa baku dan jelas,10
apa tujuan dibuatnya teks laporan hasil observasi jelaskan secara sederhana,menyapaikan hasil pengamatan scara jelas dn fktual,0
jelaskan apa yang dimaksud dengan teks anekdot menurut pemahamanmu,teks berisi cerita singkat,0
sebutkan dua ciri yang selalu ada dalam teks anekdot,mengandung unsur humor mengandung kritik atau sindiran,10
sebutkan struktur teks anekdot dan jelaskan secara singkat setiap bagiannya,abstraksi orientasi krisis reaksi,8
apa yang dimaksud dengan hikayat jelaskan dengan bahasamu sendiri,salah satu bentuk karya sastra,0
sebutkan tiga ciri khas hikayat sebagai karya sastra lama,kemustahilan istana sentris anonim,10
sebutkan struktur umum hikayat dan jelaskan fungsi masing masing bagian,eksposisi orientasi komplikasi permasalahan klimaks resolusi koda,0
dari ketiga jenis teks lho anekdot hikayat pilih salah satu dan jelaskan pesan atau nilai yang biasanya ingin disampaikan penulis melalui teks tersebut berdasarkan pemahamanmu,nilai moral nilai budaya nilai sosial,0
jelaskan dengan bahasamu sendiri apa yang dimaksud dengan teks laporan hasil observasi,teks yg berisi penjabaran umum dan laporan hasil pengamatan yg sistematis terhadap suatu objek benda hewan tumbuhan fenomena alam dan dll,10
sebutkan tiga ciri utama dari teks laporan hasil observasi,bersifat sistematis pembahasan bahasa baku,10
apa tujuan dibuatnya teks laporan hasil observasi jelaskan secara sederhana,tujuannya untuk melaporkan hasil pengamatan secara sistematis agar dapat dipahami dan digunakan sebagai landasan tindakan pemikiran lebih lanjut,8
jelaskan apa yang dimaksud dengan teks anekdot menurut pemahamanmu,teks anekdot adalah cerita singkat yg berisi cerita lucu sindiran,10
sebutkan dua ciri yang selalu ada dalam teks anekdot,cerita singkat humor,10
sebutkan struktur teks anekdot dan jelaskan secara singkat setiap bagiannya,abstraksi sebagai pembuka dari sebuah cerita orientasi sebagai penjelasan latar tokoh dan situasi krisis sebagai bagian inti kejadian lucu reaksi seorang tokoh memberikan respon koda sebagai penutup dari sebuah cerita dan kesimpulan,10
apa yang dimaksud dengan hikayat jelaskan dengan bahasamu sendiri,hikayat adalah karya sastra klasik melayu hikayat juga termasuk ke dalam cerita rakyat cerita kraan cerita silsilah udd bersifat keagamaan dan dll,10
sebutkan tiga ciri khas hikayat sebagai karya sastra lama,bersifat intonatif praogis tidak logis statis logis,10
sebutkan struktur umum hikayat dan jelaskan fungsi masing masing bagian,abstraksi sebagai pembuka dari sebuah cerita oreantasi sebagai penjelasan latar tokoh dan situasi komflikasi sebagai permasalahan dari sebuah cerita evaluasi sebagai penyelesaian masalalu dari sebuah cerita koda sebagai penutup dari sebuah cerita,10
dari ketiga jenis teks lho anekdot hikayat pilih salah satu dan jelaskan pesan atau nilai yang biasanya ingin disampaikan penulis melalui teks tersebut berdasarkan pemahamanmu,setelah seseorang mempelajari teks lho seorang dapat memahami apa yg di di amati dgn jelas,0
jelaskan dengan bahasamu sendiri apa yang dimaksud dengan teks laporan hasil observasi,teks laporan hasil observasi adalah teks yang berisi laporan tentang pemahaman secara faktual akurat dan sistematis,10
sebutkan tiga ciri utama dari teks laporan hasil observasi,bersifat faktual objektif sistematis,10
apa tujuan dibuatnya teks laporan hasil observasi jelaskan secara sederhana,agar untuk memahami suatu objek secara faktual akurat dan sistematis,0
jelaskan apa yang dimaksud dengan teks anekdot menurut pemahamanmu,teks anekdot ialah sebuah teks yang tentang mengkritik,0
sebutkan dua ciri yang selalu ada dalam teks anekdot,mencari tahu menyelidiki berisi tentang mengkritik,0
sebutkan struktur teks anekdot dan jelaskan secara singkat setiap bagiannya,abstraksi permulaan orientasi koda kesimpulan,10
apa yang dimaksud dengan hikayat jelaskan dengan bahasamu sendiri,teks yang berisi tentang aneka lucu serta pelajaran penting,10
sebutkan tiga ciri khas hikayat sebagai karya sastra lama,adanya keajaiban tokohnya luar biasa,0
sebutkan struktur umum hikayat dan jelaskan fungsi masing masing bagian,inspiratif,0
dari ketiga jenis teks lho anekdot hikayat pilih salah satu dan jelaskan pesan atau nilai yang biasanya ingin disampaikan penulis melalui teks tersebut berdasarkan pemahamanmu,lho agar lebih mudah dalam meneliti mendeskripsikan,0
jelaskan dengan bahasamu sendiri apa yang dimaksud dengan teks laporan hasil observasi,teks lho adalah teks laporan observasi menjelaskan arti umum dari suatu objek hasil pengamatan langsung,10
sebutkan tiga ciri utama dari teks laporan hasil observasi,berisi pembahasan tentang suatu objek disusun secara sistematis terdapat perincian bagian suatu objek,10
apa tujuan dibuatnya teks laporan hasil observasi jelaskan secara sederhana,tujuan teks laporan hasil observasi adalah untuk menyampaikan informasi faktual tentang suatu objek atau peristiwa,10
jelaskan apa yang dimaksud dengan teks anekdot menurut pemahamanmu,cerita singkat yang bersifat lucu menyindir biasanya digunakan mengeritik perilaku kebijakan atau keadaan tertentu,10
sebutkan dua ciri yang selalu ada dalam teks anekdot,cerita singkat menyindiri,10
sebutkan struktur teks anekdot dan jelaskan secara singkat setiap bagiannya,abstraksi orientasi krisis reaksi koda,8
apa yang dimaksud dengan hikayat jelaskan dengan bahasamu sendiri,hikayat merupakan karya sastra melayu klasik berupa prosa,10
sebutkan tiga ciri khas hikayat sebagai karya sastra lama,menggunakan bahasa melayu bersifat intonatif pratogis,10
sebutkan struktur umum hikayat dan jelaskan fungsi masing masing bagian,abstraksi komunikasi orientasi evaluasi koda resolusi,10
dari ketiga jenis teks lho anekdot hikayat pilih salah satu dan jelaskan pesan atau nilai yang biasanya ingin disampaikan penulis melalui teks tersebut berdasarkan pemahamanmu,anekdhot mengritik orang yang maupun ngeritik baik atau buruk dan menyindir menyindir biasanya menyindir orang entah itu sindiran baik atau buruk,10
jelaskan dengan bahasamu sendiri apa yang dimaksud dengan teks laporan hasil observasi,teks observasi adalah teks laporan yang deskripsi nya berurutan seperti teks tutorial atau cara,10
sebutkan tiga ciri utama dari teks laporan hasil observasi,deskripsi nya bersetep berurut berdeskripsi jelas menunjukan cara tutorial,10
apa tujuan dibuatnya teks laporan hasil observasi jelaskan secara sederhana,menunjukan cara bagaimana atau mamahami teks observasi,10
jelaskan apa yang dimaksud dengan teks anekdot menurut pemahamanmu,teks anekdot adalah teks yang berupa hiburan dan ada mengandung sedikit sindiran,10
sebutkan dua ciri yang selalu ada dalam teks anekdot,sindiran publik dan sindiran lingkungan,10
sebutkan struktur teks anekdot dan jelaskan secara singkat setiap bagiannya,berisi tentang hiburan dan sedikit berisi tentang sindiran ublik,10
apa yang dimaksud dengan hikayat jelaskan dengan bahasamu sendiri,hikayat adalah sebuah cerita legenda orang melayu,10
sebutkan tiga ciri khas hikayat sebagai karya sastra lama,menggunakan bahasa melayu lama menceritakan sosok pahlawan tokoh terkenal,10
sebutkan struktur umum hikayat dan jelaskan fungsi masing masing bagian,bahasa melayu lama karas dan sosok pahlawan,10
dari ketiga jenis teks lho anekdot hikayat pilih salah satu dan jelaskan pesan atau nilai yang biasanya ingin disampaikan penulis melalui teks tersebut berdasarkan pemahamanmu,teks anekdok pesan yang disampaikan jangan bersikap tidak adil di hadapan publik,10
jelaskan dengan bahasamu sendiri apa yang dimaksud dengan teks laporan hasil observasi,teks yang berisi penjabaran umum dan pelaporan hasil pengamatan yang sistematis terhadap suatu objek,10
sebutkan tiga ciri utama dari teks laporan hasil observasi,bahasa baku dan ilmiah fokus pada objek tunggal,10
apa tujuan dibuatnya teks laporan hasil observasi jelaskan secara sederhana,untuk melaporkan hasil pengamtaan secara sistematis agar dpt di pahami dan digunakan sebagai landasan untuk tindakan pemahaman lebih,10
jelaskan apa yang dimaksud dengan teks anekdot menurut pemahamanmu,teks anekdot adalah tujuan singkat berisi cerita lucu sindiran,10
sebutkan dua ciri yang selalu ada dalam teks anekdot,cerita singkat humor,10
sebutkan struktur teks anekdot dan jelaskan secara singkat setiap bagiannya,abstrak pembuka dari sebuah cerita oreantasi menjelaskan latar tokoh dan situasi krisis bagian ini dari kejadian lucu koda penutup dari sebuah cerita,10
apa yang dimaksud dengan hikayat jelaskan dengan bahasamu sendiri,hikayat adalah karya sastra malayu klasik hikayat termasuk kedalam teks cerita rakyat juga cerita terkaam berisi cerita sisilan dd yg bersifat sejarah keagamaan dll,10
sebutkan tiga ciri khas hikayat sebagai karya sastra lama,bersifat intanosantris tidak logis staris logis,10
sebutkan struktur umum hikayat dan jelaskan fungsi masing masing bagian,abstraksi orientasi komplikasi elaqsi koda,10
dari ketiga jenis teks lho anekdot hikayat pilih salah satu dan jelaskan pesan atau nilai yang biasanya ingin disampaikan penulis melalui teks tersebut berdasarkan pemahamanmu,,10
jelaskan dengan bahasamu sendiri apa yang dimaksud dengan teks laporan hasil observasi,teks laporan observasi adalah dimana orang menulis cerita dengan sederhana tapi harus rinci,10
sebutkan tiga ciri utama dari teks laporan hasil observasi,kata pembuka kata pentup tokoh tempat waktu,10
apa tujuan dibuatnya teks laporan hasil observasi jelaskan secara sederhana,orang akan gampang menceritakan kejadian yang pernah dia alami secara rinci sederhana,10
jelaskan apa yang dimaksud dengan teks anekdot menurut pemahamanmu,texs anexdot adalah dimana orang menjelaskan secara rinci dan tieliti,10
sebutkan dua ciri yang selalu ada dalam teks anekdot,paragraf tokoh,10
sebutkan struktur teks anekdot dan jelaskan secara singkat setiap bagiannya,paragraf pembukaan paragraf menjelaskan cerita kejadian paragraf penutupan,10
apa yang dimaksud dengan hikayat jelaskan dengan bahasamu sendiri,texs hikayat adalah dimana seseorang menceritakan dongeng jaman dulu,10
sebutkan tiga ciri khas hikayat sebagai karya sastra lama,pembuka pengantar penutup,10
sebutkan struktur umum hikayat dan jelaskan fungsi masing masing bagian,abraksi areantasi kompinasi elavasi kode,10
dari ketiga jenis teks lho anekdot hikayat pilih salah satu dan jelaskan pesan atau nilai yang biasanya ingin disampaikan penulis melalui teks tersebut berdasarkan pemahamanmu,lho adalah pengertian texs yang berisi penjabaran umum dan pelaporan hasil pengamatan tang sistematis terhadap sesuatu objek,10
jelaskan dengan bahasamu sendiri apa yang dimaksud dengan teks laporan hasil observasi,teks yang untuk menyampaikan hasil laporan,10
sebutkan tiga ciri utama dari teks laporan hasil observasi,abstraksi,10
apa tujuan dibuatnya teks laporan hasil observasi jelaskan secara sederhana,agar dapat mengetahui laporan hasil observasi dengna rinci,10
jelaskan apa yang dimaksud dengan teks anekdot menurut pemahamanmu,teks anekdot teks yang menjelaskan tentang kritikan pesan moral,10
sebutkan dua ciri yang selalu ada dalam teks anekdot,sindiran kritik,10
sebutkan struktur teks anekdot dan jelaskan secara singkat setiap bagiannya,teks laporan hasil pesan atau nilai,10
apa yang dimaksud dengan hikayat jelaskan dengan bahasamu sendiri,gambar yang berbentuk prosa dan mengalami peristiwa dahulu karya sastra lama,10
sebutkan tiga ciri khas hikayat sebagai karya sastra lama,pesan moral kritikan atau nilai,10
sebutkan struktur umum hikayat dan jelaskan fungsi masing masing bagian,teks gambar karya sastra lama laporan hasil pesan atau nilai,10
dari ketiga jenis teks lho anekdot hikayat pilih salah satu dan jelaskan pesan atau nilai yang biasanya ingin disampaikan penulis melalui teks tersebut berdasarkan pemahamanmu,agar seseorang melihat mencontoh hal positifnya,10
jelaskan dengan bahasamu sendiri apa yang dimaksud dengan teks laporan hasil observasi,laporan hasil observasi adalah untuk menejlaskan suatu kejadia dan di jelaskan hasil observasi itu dengan secara detail,10
sebutkan tiga ciri utama dari teks laporan hasil observasi,lucu meggelitik,10
apa tujuan dibuatnya teks laporan hasil observasi jelaskan secara sederhana,menceritakan hasil observasi itu,10
jelaskan apa yang dimaksud dengan teks anekdot menurut pemahamanmu,menjelaskan suatu pemohonan,10
sebutkan dua ciri yang selalu ada dalam teks anekdot,karya sastra lama,10
sebutkan struktur teks anekdot dan jelaskan secara singkat setiap bagiannya,memahami suatu struktur secara detail,10
apa yang dimaksud dengan hikayat jelaskan dengan bahasamu sendiri,menjelaskan suatu penemuan lama dan di jelaskan penerima lama itu dengan secara detail,10
sebutkan tiga ciri khas hikayat sebagai karya sastra lama,waktu penemuan usia karya itu,10
sebutkan struktur umum hikayat dan jelaskan fungsi masing masing bagian,menjelaskan suatu penerima dan karya sastra lama,10
dari ketiga jenis teks lho anekdot hikayat pilih salah satu dan jelaskan pesan atau nilai yang biasanya ingin disampaikan penulis melalui teks tersebut berdasarkan pemahamanmu,lho menceritakan suatu cerita yang dibuat,10
jelaskan dengan bahasamu sendiri apa yang dimaksud dengan teks laporan hasil observasi,berbicara sopan santun,10
sebutkan tiga ciri utama dari teks laporan hasil observasi,menjaga toleransi menolong dan membantu orang sakit,10
apa tujuan dibuatnya teks laporan hasil observasi jelaskan secara sederhana,membicarakan hal sesuatu,10
jelaskan apa yang dimaksud dengan teks anekdot menurut pemahamanmu,teks laporan,10
sebutkan dua ciri yang selalu ada dalam teks anekdot,laporan pehaman,10
sebutkan struktur teks anekdot dan jelaskan secara singkat setiap bagiannya,kata kata,10
apa yang dimaksud dengan hikayat jelaskan dengan bahasamu sendiri,muslim,10
sebutkan tiga ciri khas hikayat sebagai karya sastra lama,melukis,10
sebutkan struktur umum hikayat dan jelaskan fungsi masing masing bagian,toa,10
dari ketiga jenis teks lho anekdot hikayat pilih salah satu dan jelaskan pesan atau nilai yang biasanya ingin disampaikan penulis melalui teks tersebut berdasarkan pemahamanmu,untuk memikir sesuatu,10
jelaskan dengan bahasamu sendiri apa yang dimaksud dengan teks laporan hasil observasi,teks laporan hasil observasi adalah teks yg kita tulis dari melihat atau menonton sesuatu seperti hewan tumbuhan dsb atau penjelasan secara rinci,10
sebutkan tiga ciri utama dari teks laporan hasil observasi,bersifat objektif disusun sistematis ditulis berdasarkan fakta,10
apa tujuan dibuatnya teks laporan hasil observasi jelaskan secara sederhana,agar memberikan informasi faktual tentang suatu objek pengamatan,10
jelaskan apa yang dimaksud dengan teks anekdot menurut pemahamanmu,teks anekdot cerita singkat yg lucu atau menyindir,10
sebutkan dua ciri yang selalu ada dalam teks anekdot,mengandung humor berdasarkan kejadian yg hampir nyala,10
sebutkan struktur teks anekdot dan jelaskan secara singkat setiap bagiannya,abstrak orientasi krisis reaksi koda,10
apa yang dimaksud dengan hikayat jelaskan dengan bahasamu sendiri,hikayat adalah cerita klasik yg berisi tentang tokoh hebat biasanya banyak kejadian,10
sebutkan tiga ciri khas hikayat sebagai karya sastra lama,mengandung unsur fantastik bersifat turun temurun cerita berdasarkan kejadian,10
sebutkan struktur umum hikayat dan jelaskan fungsi masing masing bagian,tema tokoh alur latar amanat,10
dari ketiga jenis teks lho anekdot hikayat pilih salah satu dan jelaskan pesan atau nilai yang biasanya ingin disampaikan penulis melalui teks tersebut berdasarkan pemahamanmu,nilai moral krisis sosial informasi penting pelajaran hidup yg ingin disampaikan si penulis,10
jelaskan dengan bahasamu sendiri apa yang dimaksud dengan teks laporan hasil observasi,laporan hasil observasi adalah teks yang berisi penjabaran umum atau laporan faktual tentang suatu objek,10
sebutkan tiga ciri utama dari teks laporan hasil observasi,bersifat objektif berdasarkan fakta disusun secara sistematis,10
apa tujuan dibuatnya teks laporan hasil observasi jelaskan secara sederhana,untuk menyajikan informasi data dan fakta secara objektif tentang suatu objek atau fenomena,10
jelaskan apa yang dimaksud dengan teks anekdot menurut pemahamanmu,cerita singkat yang lucu dan mengsankan biasanya berdasarkan kejadian nyata,10
sebutkan dua ciri yang selalu ada dalam teks anekdot,humor yg mengkritik sindiran halus,10
sebutkan struktur teks anekdot dan jelaskan secara singkat setiap bagiannya,abstrak gambaran umum orientasi menunjukkan latar belakang krisis puncak cerita yang berisi masala konflik reaksi tanggapan atau respon karakter krisis koda bagian penutup yg berisi kesimpulan,10
apa yang dimaksud dengan hikayat jelaskan dengan bahasamu sendiri,karya sastra melayi lama berbentuk prosa yg berisi cerita undang undang atau silsilah,10
sebutkan tiga ciri khas hikayat sebagai karya sastra lama,bersifat istanasentris pralogis menggunakan bahasa melayu lama,10
sebutkan struktur umum hikayat dan jelaskan fungsi masing masing bagian,abstraksi orientasi komplikasi evaluasi resolusi koda,8
dari ketiga jenis teks lho anekdot hikayat pilih salah satu dan jelaskan pesan atau nilai yang biasanya ingin disampaikan penulis melalui teks tersebut berdasarkan pemahamanmu,teks anekdot hiburan yang dibungkus kritik sosial sindiran halus dan pesan moral atau amanat,10
jelaskan dengan bahasamu sendiri apa yang dimaksud dengan teks laporan hasil observasi,laporan hasill pengamatan yg mencatat secara fakta berdasarkan objektif dn strukturnya,10
sebutkan tiga ciri utama dari teks laporan hasil observasi,objektif sistematis kontrenatif,5
apa tujuan dibuatnya teks laporan hasil observasi jelaskan secara sederhana,memberikan informasi menganalisis mengevaluasi,10
jelaskan apa yang dimaksud dengan teks anekdot menurut pemahamanmu,cerita singkat lucu dn menarik biasanya yata,0
sebutkan dua ciri yang selalu ada dalam teks anekdot,humor yg mnegeritik sindiran halus,10
sebutkan struktur teks anekdot dan jelaskan secara singkat setiap bagiannya,pembuka isi penutup,10
apa yang dimaksud dengan hikayat jelaskan dengan bahasamu sendiri,cerita pendek yg mengunakan bahasa melayu menceritakan pertualangan pahlamawan,10
sebutkan tiga ciri khas hikayat sebagai karya sastra lama,bersifat instanisentres prlogis mengunakan bahasa melayu lama,10
sebutkan struktur umum hikayat dan jelaskan fungsi masing masing bagian,abstraksi orientasi famlikasi eramlikasi revolusi koda,5
dari ketiga jenis teks lho anekdot hikayat pilih salah satu dan jelaskan pesan atau nilai yang biasanya ingin disampaikan penulis melalui teks tersebut berdasarkan pemahamanmu,nilai moral berhubungan dgn baik buruk prilaku jujur sabar tamak teks anekdot hiburan yg dibungkus kritik sosial sindiran halus dn pesan moral amanat,10
jelaskan dengan bahasamu sendiri apa yang dimaksud dengan teks laporan hasil observasi,hasil teks observasi itu seperti teks deskripsi dengan mencatat sebuah benda dengan rinci,10
sebutkan tiga ciri utama dari teks laporan hasil observasi,bersifat objektif disusun sistematis ditulis berdasarkan fakta,10
apa tujuan dibuatnya teks laporan hasil observasi jelaskan secara sederhana,agar dapat mengenali benda asing,0
jelaskan apa yang dimaksud dengan teks anekdot menurut pemahamanmu,teks anekdot adalah teks yang berisi sesuatu lelucon atau candaan dengan bahasa yang sederhana,10
sebutkan dua ciri yang selalu ada dalam teks anekdot,mengandung humor berdasarkan kejadian yang hampir nyata,10
sebutkan struktur teks anekdot dan jelaskan secara singkat setiap bagiannya,artefak orientasi,0
apa yang dimaksud dengan hikayat jelaskan dengan bahasamu sendiri,hikayat adalah teks berisi cerita laman atau fiksi yang menggunakan bahasa melayu lama,10
sebutkan tiga ciri khas hikayat sebagai karya sastra lama,mengandung unsur tethenik bersifat turun menurut berdasarkan kejadian,10
sebutkan struktur umum hikayat dan jelaskan fungsi masing masing bagian,tema tokoh alur latar amanat,0
dari ketiga jenis teks lho anekdot hikayat pilih salah satu dan jelaskan pesan atau nilai yang biasanya ingin disampaikan penulis melalui teks tersebut berdasarkan pemahamanmu,nilai moral krisis sosial informasi penting pelajaran hidup yang disampaikan si penulis,0
jelaskan dengan bahasamu sendiri apa yang dimaksud dengan teks laporan hasil observasi,laporan berisi fajta dan hasil pengalaman,10
sebutkan tiga ciri utama dari teks laporan hasil observasi,fakta teratur dan menggunakan bahasa baku,10
apa tujuan dibuatnya teks laporan hasil observasi jelaskan secara sederhana,menyampaikan fakta hasil pengamatan,0
jelaskan apa yang dimaksud dengan teks anekdot menurut pemahamanmu,cerita pendek yang lucu sekaligus menyindir,10
sebutkan dua ciri yang selalu ada dalam teks anekdot,menyindir dan lucu,10
sebutkan struktur teks anekdot dan jelaskan secara singkat setiap bagiannya,abstraksi pembuka orientasi mengenalkan kritik masalah reaksi penyelesaian koda penutupan,10
apa yang dimaksud dengan hikayat jelaskan dengan bahasamu sendiri,cerita tradisional tentang tokoh luar biasa dengan unsur positif,10
sebutkan tiga ciri khas hikayat sebagai karya sastra lama,mengandung unsur istimewa khayal dan tokoh,0
sebutkan struktur umum hikayat dan jelaskan fungsi masing masing bagian,mengantar isi peristiwa penting,0
dari ketiga jenis teks lho anekdot hikayat pilih salah satu dan jelaskan pesan atau nilai yang biasanya ingin disampaikan penulis melalui teks tersebut berdasarkan pemahamanmu,hikayat karena menceritakkan kisah kisah jaman dulu,0
jelaskan dengan bahasamu sendiri apa yang dimaksud dengan teks laporan hasil observasi,adalah teks yg berisi laporan hasil dari pengamatan observasi,10
sebutkan tiga ciri utama dari teks laporan hasil observasi,menggunakan bahasa yg baku menggunakan cara yg sistematis pembahasan,10
apa tujuan dibuatnya teks laporan hasil observasi jelaskan secara sederhana,untuk mendapatkan informasi,10
jelaskan apa yang dimaksud dengan teks anekdot menurut pemahamanmu,adalah cerita singkat yg berisi pujian kritikan pada suatu prilaku kebijakan dg cara menghibur dan ttp ada pesan moralnya,10
sebutkan dua ciri yang selalu ada dalam teks anekdot,cerita singkat sindiran,10
sebutkan struktur teks anekdot dan jelaskan secara singkat setiap bagiannya,abstraksi gambaran cerita orientasi latar cerita memperkenalkan tokoh tempat dan waktu krisis bagian inti cerita reaksi tanggapan koda penutup cerita,10
apa yang dimaksud dengan hikayat jelaskan dengan bahasamu sendiri,adalah karya sastra prosa melayu lama yg berisi cerita undang undang yg bersifat keagamaan rekaan dan historis,10
sebutkan tiga ciri khas hikayat sebagai karya sastra lama,mustahil istanasentris anonoim,10
sebutkan struktur umum hikayat dan jelaskan fungsi masing masing bagian,abstraksi gambaran cerita orientasi latar cerita komplikasi bagian inti masalah evaluasi bagian pembenaran resolusi solusi dalam cerita koda penutup,10
dari ketiga jenis teks lho anekdot hikayat pilih salah satu dan jelaskan pesan atau nilai yang biasanya ingin disampaikan penulis melalui teks tersebut berdasarkan pemahamanmu,penulis dapat mengirim pesan berupa pujian kritikan dg hal lucu dan sarkas kpd siapa saja,10
jelaskan dengan bahasamu sendiri apa yang dimaksud dengan teks laporan hasil observasi,menjelaskan ciri ciri umum dari satu objek atau fenomena berdasarkan hasil pengamatan langsung objeknya bisa berupa benda hewan tumbuhan dan fenomena alam,10
sebutkan tiga ciri utama dari teks laporan hasil observasi,bersifat objektif penyusunan teks nya sistematis dan berdasarkan fakta hasil pengamatan,10
apa tujuan dibuatnya teks laporan hasil observasi jelaskan secara sederhana,memberikan informasi yang objektif faktual dan rinci kepada pembaca tentang objek fenomena atau peristiwa berdasarkan hasil pengamatan ilmiah atau penelitian degan tujuan menngulaisifikasi dokumen tasikan fakta menjadi sumber data terpercaya untuk analisis atau pengambilan keputusan,10
jelaskan apa yang dimaksud dengan teks anekdot menurut pemahamanmu,teks anekdot adalah cerita singkat yang bersifat lucu atau menyindir biasanya digunakan untuk mengkritik prilaku kebijakan atau keadaan tertentu dengan cara yang menghibur tetapi tetap memiliki pesan moral,10
sebutkan dua ciri yang selalu ada dalam teks anekdot,humor elemen lucu yang membuat cerit amenghibur cerita singkat narasi ringkasan yang menyampiakan pesan,10
sebutkan struktur teks anekdot dan jelaskan secara singkat setiap bagiannya,abstraksi bagian pembuka yang memberi gambaran umum isi cerita biasanya untuk menarik perhatian prientasi bagian yang mengenalkan latar belakang seperti siapa tokohnya kapan dan dimana peristiwa terjadi krisis momen puncak konflik atau masalah yang membuat arti lucu dan reaksi tanggapan atau respon tokoh terhadap krisis seringkali disajikan dengan cara yang tidak terduga koda penutup cerita yang berisi kesimpulan pesan moral atau sindiran bagian bersikap opsional,10
apa yang dimaksud dengan hikayat jelaskan dengan bahasamu sendiri,hikayat merupakan karya sastra melayu klasik berupa plosa juga merupakan rekan berisi cerita silsilah dan undang undang yang bersifat historis keagamaan dan lain lain,10
sebutkan tiga ciri khas hikayat sebagai karya sastra lama,menggunakan bahasa melayu lama bersifat istanafis atau pusat cerita beradi di lingkungan kerja pralogis atau banyak cerita yang tidak dapat diterima oleh akal,10
sebutkan struktur umum hikayat dan jelaskan fungsi masing masing bagian,mengantar isi peristiwa penutup,10
dari ketiga jenis teks lho anekdot hikayat pilih salah satu dan jelaskan pesan atau nilai yang biasanya ingin disampaikan penulis melalui teks tersebut berdasarkan pemahamanmu,memberikan pesan untuk terus anekdot memberi pesan pesan moral kritik kritik ingin disampaikan penulis melalui cerita lucu dan menyindir,10
jelaskan dengan bahasamu sendiri apa yang dimaksud dengan teks laporan hasil observasi,laporan berisi fakta dan hasil pengamatan,10
sebutkan tiga ciri utama dari teks laporan hasil observasi,fakta teratur dan jelas bahasa baku,10
apa tujuan dibuatnya teks laporan hasil observasi jelaskan secara sederhana,menyampaikan fakta hasil pengamatan,10
jelaskan apa yang dimaksud dengan teks anekdot menurut pemahamanmu,cerita pendek yg lucu sekaligus menyindir,10
sebutkan dua ciri yang selalu ada dalam teks anekdot,lucu menyindir,10
sebutkan struktur teks anekdot dan jelaskan secara singkat setiap bagiannya,abstraksi pembuka orientasi mengenalkan kritik masalah reaksi penyelesaian koda penutupan,10
apa yang dimaksud dengan hikayat jelaskan dengan bahasamu sendiri,cerita tradisional tentang tokoh luar biasa dg unsur positif,0
sebutkan tiga ciri khas hikayat sebagai karya sastra lama,mengandung unsur khayal tokoh istimewa,10
sebutkan struktur umum hikayat dan jelaskan fungsi masing masing bagian,mengantar isi pristiwa pneutup,10
dari ketiga jenis teks lho anekdot hikayat pilih salah satu dan jelaskan pesan atau nilai yang biasanya ingin disampaikan penulis melalui teks tersebut berdasarkan pemahamanmu,hikayat karean menceritakan kisah kisah jaman dulu,10
jelaskan dengan bahasamu sendiri apa yang dimaksud dengan teks laporan hasil observasi,teks yg melaporkan sebuah hasil dari pengamatan observasi,10
sebutkan tiga ciri utama dari teks laporan hasil observasi,tujuan untuk mendaat informasi berisi fakta menggunakan bahasa baku,10
apa tujuan dibuatnya teks laporan hasil observasi jelaskan secara sederhana,menyampaikan fakta hasil pengamatan,10
jelaskan apa yang dimaksud dengan teks anekdot menurut pemahamanmu,cerita pendek yang lucu sekaligus menyindir,10
sebutkan dua ciri yang selalu ada dalam teks anekdot,mengandung unsur lucu mengeritik atau sindiran,10
sebutkan struktur teks anekdot dan jelaskan secara singkat setiap bagiannya,abstraksi pembuka cerita orietasi mengenalkan situasi dan tokoh,10
apa yang dimaksud dengan hikayat jelaskan dengan bahasamu sendiri,hikayat cerita tradisional tentang tokoh luar biasanya dengan unsur fantasi,10
sebutkan tiga ciri khas hikayat sebagai karya sastra lama,tokoh istimewah mengandung unsur khayalan melayu klasik,10
sebutkan struktur umum hikayat dan jelaskan fungsi masing masing bagian,pengantar isi pristiwa penutup,10
dari ketiga jenis teks lho anekdot hikayat pilih salah satu dan jelaskan pesan atau nilai yang biasanya ingin disampaikan penulis melalui teks tersebut berdasarkan pemahamanmu,,0
jelaskan dengan bahasamu sendiri apa yang dimaksud dengan teks laporan hasil observasi,text yg berisi suatu objek dn peristiwa yg di susun secara sistematis dn terstruktur,10
sebutkan tiga ciri utama dari teks laporan hasil observasi,di susun secara sistematis bersifat objektif berdasarkan fakta,10
apa tujuan dibuatnya teks laporan hasil observasi jelaskan secara sederhana,untuk menyampaikan informasi faktual kepada pebaca agar bisa di lihat dengan jelas,10
jelaskan apa yang dimaksud dengan teks anekdot menurut pemahamanmu,text yg bersifat lucu,0
sebutkan dua ciri yang selalu ada dalam teks anekdot,memiliki dasar lucu mempunyai pesan moral,0
sebutkan struktur teks anekdot dan jelaskan secara singkat setiap bagiannya,abstraksi pembukaan orientasi awal terjadinya krisis permasalahan reaksi penyelesaian masalah koda penutup pesan moral,10
apa yang dimaksud dengan hikayat jelaskan dengan bahasamu sendiri,hikayat adalah karya sastra lama yg memiliki kisah atau crita,0
sebutkan tiga ciri khas hikayat sebagai karya sastra lama,tokoh tokoh nya memiliki keajaiban atau kesaktian tokoh tokohnya istimewa gagah pemberani dll latar belakangnya pd masa lampau,10
sebutkan struktur umum hikayat dan jelaskan fungsi masing masing bagian,orientasi pengenalan tokoh tokoh komplikasi awal terjadinya masalah resolusi penyelesaian masalah koda penutup,10
dari ketiga jenis teks lho anekdot hikayat pilih salah satu dan jelaskan pesan atau nilai yang biasanya ingin disampaikan penulis melalui teks tersebut berdasarkan pemahamanmu,anekdot karena cerita ini memiliki unsur lucu dn pesan moral,10
jelaskan dengan bahasamu sendiri apa yang dimaksud dengan teks laporan hasil observasi,kata yang digunakan sehari hari,0
sebutkan tiga ciri utama dari teks laporan hasil observasi,anetdok hikatar karya sastra,0
apa tujuan dibuatnya teks laporan hasil observasi jelaskan secara sederhana,untuk menyampaikan informasi,0
jelaskan apa yang dimaksud dengan teks anekdot menurut pemahamanmu,bersifat lucu,0
sebutkan dua ciri yang selalu ada dalam teks anekdot,sastra lama baku,0
sebutkan struktur teks anekdot dan jelaskan secara singkat setiap bagiannya,struktur yang singkat tapi mudah dipahami,0
apa yang dimaksud dengan hikayat jelaskan dengan bahasamu sendiri,hikayat ada suatu teks laporan observasi,0
sebutkan tiga ciri khas hikayat sebagai karya sastra lama,teks yang tidak bisa di ubah cara legenda mitor,0
sebutkan struktur umum hikayat dan jelaskan fungsi masing masing bagian,,0
dari ketiga jenis teks lho anekdot hikayat pilih salah satu dan jelaskan pesan atau nilai yang biasanya ingin disampaikan penulis melalui teks tersebut berdasarkan pemahamanmu,pembicara para koruptor tikus tikus berdasi,0
jelaskan dengan bahasamu sendiri apa yang dimaksud dengan teks laporan hasil observasi,teks yang berisi narasi,0
sebutkan tiga ciri utama dari teks laporan hasil observasi,panjang jelas simple,0
apa tujuan dibuatnya teks laporan hasil observasi jelaskan secara sederhana,agar bisa di lakukan dg baik,0
jelaskan apa yang dimaksud dengan teks anekdot menurut pemahamanmu,tek yang berisi narasi,0
sebutkan dua ciri yang selalu ada dalam teks anekdot,jelas dan rapih,0
sebutkan struktur teks anekdot dan jelaskan secara singkat setiap bagiannya,tek yang,0
apa yang dimaksud dengan hikayat jelaskan dengan bahasamu sendiri,crita hikayat,0
sebutkan tiga ciri khas hikayat sebagai karya sastra lama,berbahasa melayu kuno agresif,0
sebutkan struktur umum hikayat dan jelaskan fungsi masing masing bagian,berbahasa mlayu kuno,0
dari ketiga jenis teks lho anekdot hikayat pilih salah satu dan jelaskan pesan atau nilai yang biasanya ingin disampaikan penulis melalui teks tersebut berdasarkan pemahamanmu,hikayat,0
jelaskan dengan bahasamu sendiri apa yang dimaksud dengan teks laporan hasil observasi,dokumen tertulis yang berisi informasi yg di catat dan di susun ecara sistematis sbgai hasil dari pengamatan atau peninjauan langusng observasi terhadap suatu objek atau kegiatan tertentu,10
sebutkan tiga ciri utama dari teks laporan hasil observasi,faktual dan objektif sistematis dan terstruktur lengkap dan universal,10
apa tujuan dibuatnya teks laporan hasil observasi jelaskan secara sederhana,untuk menyampaikan informasi faktual dan terperinci mengenai suatu objek kegiatan atau peristiwa yang telah di amati secara langsung,10
jelaskan apa yang dimaksud dengan teks anekdot menurut pemahamanmu,cerita singkat yang menarik karna lucu dan mengesankan yang umumnya berisi kritik atau sindiran terhadap kebiijakan,10
sebutkan dua ciri yang selalu ada dalam teks anekdot,mengandung unsur humor kelucuan mengandung kritik atau sindiran,10
sebutkan struktur teks anekdot dan jelaskan secara singkat setiap bagiannya,abstrakasi memberikan gamabran umum mengenai isi teks anekdot orientasi menunjukan latar belakang kejadian atau awal mula maslaah yang akan di kritik krisis bagian inti cerita yang berisi puncak masalah atau kekonyolan yang menganudng unsur lucu sekaligus kritik reaksi bagian yang menjelaskan cara tokoh menyelesaikan menanggapi masalah yang timbul atau bagian krisis koda bagian penutup cerita kadang berisi perubahan yang terjadi pada tokoh atau sekedar penegasan ulang,10
apa yang dimaksud dengan hikayat jelaskan dengan bahasamu sendiri,hikayat adalah karya sastra lama prosa lama yang bersal dari melayu yang isinya berupa cerita dongeng atau kisah tentang kehidupan para raja pahlawan dewa dewi atau orang perkasa di masalalu,10
sebutkan tiga ciri khas hikayat sebagai karya sastra lama,kemustahilan istana sentris anonim,10
sebutkan struktur umum hikayat dan jelaskan fungsi masing masing bagian,eksposisi orientasi komplikasi permsalahan kimakas resolusi koda,10
dari ketiga jenis teks lho anekdot hikayat pilih salah satu dan jelaskan pesan atau nilai yang biasanya ingin disampaikan penulis melalui teks tersebut berdasarkan pemahamanmu,hikayat biasanya tentang nilai moral akhlak nilai budaya nilai sosial dan nilai religius keagamaan,10
jelaskan dengan bahasamu sendiri apa yang dimaksud dengan teks laporan hasil observasi,teks yang berisi penjelasan informasi,10
sebutkan tiga ciri utama dari teks laporan hasil observasi,klasifikasi bagian manfaat,10
apa tujuan dibuatnya teks laporan hasil observasi jelaskan secara sederhana,biar pembaca mendapatkan informasi,10
jelaskan apa yang dimaksud dengan teks anekdot menurut pemahamanmu,teks yang berisi cerita lucu,0
sebutkan dua ciri yang selalu ada dalam teks anekdot,menggunakan pasis kerja aktif,0
sebutkan struktur teks anekdot dan jelaskan secara singkat setiap bagiannya,menentukan objek mencatat hasil pengamatan,0
apa yang dimaksud dengan hikayat jelaskan dengan bahasamu sendiri,teks yang menceritakan tidak benar hoax,0
sebutkan tiga ciri khas hikayat sebagai karya sastra lama,abstrak orientasi reaksi,0
sebutkan struktur umum hikayat dan jelaskan fungsi masing masing bagian,,0
dari ketiga jenis teks lho anekdot hikayat pilih salah satu dan jelaskan pesan atau nilai yang biasanya ingin disampaikan penulis melalui teks tersebut berdasarkan pemahamanmu,,0
jelaskan dengan bahasamu sendiri apa yang dimaksud dengan teks laporan hasil observasi,teks yang mendeskripsikan ciri umum suatu objek dari hasil pengamatan langsung,10
sebutkan tiga ciri utama dari teks laporan hasil observasi,disusun secara sistematis terdapat perincian bagian suatu objek berisi pembahasan suatu objek,10
apa tujuan dibuatnya teks laporan hasil observasi jelaskan secara sederhana,sebagai data hasil pengamatan dan sebagai dasar memustukan suatu hal,0
jelaskan apa yang dimaksud dengan teks anekdot menurut pemahamanmu,teks cerita singkat yg bersifat lucu menyindir biasa diguanakan untuk mengkritik perilaku kebijakan keadaan tertentu,10
sebutkan dua ciri yang selalu ada dalam teks anekdot,cerita singkat menyindiri,10
sebutkan struktur teks anekdot dan jelaskan secara singkat setiap bagiannya,abstraksi gambaran awal isi cerita orientasi latar serta pengenalan tokoh krisis puncak suatu masalah reaksi tanggapan cara tokoh menghadapi masalah koda penutup dan kesimpulan,10
apa yang dimaksud dengan hikayat jelaskan dengan bahasamu sendiri,hikayat merupakan kasrya sastra melayu klasik berupa prosa,10
sebutkan tiga ciri khas hikayat sebagai karya sastra lama,menggunakan bahasa melayu lama bersifat istanosentris prologis,10
sebutkan struktur umum hikayat dan jelaskan fungsi masing masing bagian,abstraksi gambaran awal isi cerita orientasi pengenalan tokoh latar dan tempat komplikasi mualinya muncul permasalahan koda penutup dan kesimpulan,10
dari ketiga jenis teks lho anekdot hikayat pilih salah satu dan jelaskan pesan atau nilai yang biasanya ingin disampaikan penulis melalui teks tersebut berdasarkan pemahamanmu,hikayat pesan nilai yg sering ingin disampaikan yaitu seperti hal hal apapun yang ada pd zaman keistanaan dan tidak ditemukan pd msa sekarang,10
jelaskan dengan bahasamu sendiri apa yang dimaksud dengan teks laporan hasil observasi,teks hasil observasi adalah teks yang dokumpulkan jadi satu dan dijadikan observasi untuk laporan,10
sebutkan tiga ciri utama dari teks laporan hasil observasi,menggunakan bahasa baku merupakan teks untuk laporan daat dipahami oleh pembaca,10
apa tujuan dibuatnya teks laporan hasil observasi jelaskan secara sederhana,untuk laporan hasil observasi yang dilakukan,0
jelaskan apa yang dimaksud dengan teks anekdot menurut pemahamanmu,teks anekdot sebuah kalimat yang utnuk digunakan bercerita ecramah dll,10
sebutkan dua ciri yang selalu ada dalam teks anekdot,dapat dipahami oleh pembaca pendengar mudah dimengerti,10
sebutkan struktur teks anekdot dan jelaskan secara singkat setiap bagiannya,pembukaan untuk memulai deskripsi pesan yang akan disampaikan koda untuk pesan inspiratif,0
apa yang dimaksud dengan hikayat jelaskan dengan bahasamu sendiri,hikayat yaitu cerit apendek dan alurnya nyambung dapat dipahami oleh pembaca,0
sebutkan tiga ciri khas hikayat sebagai karya sastra lama,menggunakan alur maju mundur menggunakan bahasa yang jelas mudah dimengerti,0
sebutkan struktur umum hikayat dan jelaskan fungsi masing masing bagian,koda bagian paragraf pertama pembukaan,5
dari ketiga jenis teks lho anekdot hikayat pilih salah satu dan jelaskan pesan atau nilai yang biasanya ingin disampaikan penulis melalui teks tersebut berdasarkan pemahamanmu,hikayat pesan ynag bisa disampaikan motivasi inspiratif untuk pembaca,0
jelaskan dengan bahasamu sendiri apa yang dimaksud dengan teks laporan hasil observasi,pengertian teks yg berisi penjabaran umum dan pelaporan hasil pengamatan,10
sebutkan tiga ciri utama dari teks laporan hasil observasi,objek dan ilimiah bahasa baku dan ilmiah sistematis dan terstruktur,10
apa tujuan dibuatnya teks laporan hasil observasi jelaskan secara sederhana,tujuan dibuatnya untuk melaporkan hasil pengamatan secara sistematis agar dp di pahami dan di gunakan sebagai landasan untuk tindakan pemahaman lebih lanjut,10
jelaskan apa yang dimaksud dengan teks anekdot menurut pemahamanmu,teks anekdot adalah tulisan singkat berisi verita lucu sindiran,10
sebutkan dua ciri yang selalu ada dalam teks anekdot,cerita singkat humor,10
sebutkan struktur teks anekdot dan jelaskan secara singkat setiap bagiannya,abstrak pembuka dari sebuah cerita orientasi menjelaskan latar tokoh dan sitasi krisis bagian dari kejadian lucu tegang reaksi seorang tokoh memberi repson koda penutup dari sebuah cerita,10
apa yang dimaksud dengan hikayat jelaskan dengan bahasamu sendiri,hikayat adalah karya sastra melayu klasik hikayat termasuk ke dlm teks cerita rakyat juga cerita percakapan berisi cerita sisilah uud yg bersifat sejarah keagamaan dll,10
sebutkan tiga ciri khas hikayat sebagai karya sastra lama,bersifat intanosentaris proosis tdk logis strais logis,10
sebutkan struktur umum hikayat dan jelaskan fungsi masing masing bagian,abstrak orientasi krisi rekasi koda,10
dari ketiga jenis teks lho anekdot hikayat pilih salah satu dan jelaskan pesan atau nilai yang biasanya ingin disampaikan penulis melalui teks tersebut berdasarkan pemahamanmu,lho adalah laporam yg biasanya digunakan dlm cerita hikayat,10
jelaskan dengan bahasamu sendiri apa yang dimaksud dengan teks laporan hasil observasi,sebuah teks observasi yg ada pada ceritanya dan ada pada kalimat pertama,10
sebutkan tiga ciri utama dari teks laporan hasil observasi,latar waktu tempat tokoh nya,0
apa tujuan dibuatnya teks laporan hasil observasi jelaskan secara sederhana,biyar bisa mengetahui apa itu teks observasi dan apa itu teks observasi,0
jelaskan apa yang dimaksud dengan teks anekdot menurut pemahamanmu,teks yang ada kalimat pertamanya dan telahir nya,0
sebutkan dua ciri yang selalu ada dalam teks anekdot,ciri cirnya ada pada kalimat pertamanya,0
sebutkan struktur teks anekdot dan jelaskan secara singkat setiap bagiannya,kalimat awal kalimat akhir yg ada pada teks anekdot,0
apa yang dimaksud dengan hikayat jelaskan dengan bahasamu sendiri,sebuah cerita atau kalimat,0
sebutkan tiga ciri khas hikayat sebagai karya sastra lama,sebuah kalimat cerita unsur hikayat,0
sebutkan struktur umum hikayat dan jelaskan fungsi masing masing bagian,ada banyak jenis strukutr umum hikayat,0
dari ketiga jenis teks lho anekdot hikayat pilih salah satu dan jelaskan pesan atau nilai yang biasanya ingin disampaikan penulis melalui teks tersebut berdasarkan pemahamanmu,memahami dulu apa yg mau kita ceritakan dan kita tulis terlebih dahulu dan kita susun dengna rapi benar cerita tersebut,0
jelaskan dengan bahasamu sendiri apa yang dimaksud dengan teks laporan hasil observasi,teks laporan hasil observasi adalah teks yang berisi penjabaran fakta berdasarkanpengamatan terhadap suatu objek secara sistematis dan objektif,10
sebutkan tiga ciri utama dari teks laporan hasil observasi,bersifat objektif disusun sistematis ditulis berdasarkan fakta,10
apa tujuan dibuatnya teks laporan hasil observasi jelaskan secara sederhana,tujuannya adalah tujuan lho adalah memberikan informasi faktual tentang suatu objek pengamatan agar pembaca memahami objek tsb dg jelas dan akurat,10
jelaskan apa yang dimaksud dengan teks anekdot menurut pemahamanmu,teks anekdot adalah cerita singkat yg lucu menyindir baisanya berkaitan dg kejadian nyata mengandung pesan kritik,10
sebutkan dua ciri yang selalu ada dalam teks anekdot,mengandung humor sindiran berdasarkan kejadian yg hampir nyata,10
sebutkan struktur teks anekdot dan jelaskan secara singkat setiap bagiannya,abstrak orientasi krisi rekasi koda,5
apa yang dimaksud dengan hikayat jelaskan dengan bahasamu sendiri,hikayat adalah cerita klasik yg berisi tentang tokoh hebat biasanya penuh kejadian dan bertujuan memberikan pelajaran oral hiburan,10
sebutkan tiga ciri khas hikayat sebagai karya sastra lama,menagndung unsur fantastik ajaib cerita berlatarkan kejadian bersifat turun temurun,10
sebutkan struktur umum hikayat dan jelaskan fungsi masing masing bagian,tema tokoh dan penokohanm alur latar amanat,10
dari ketiga jenis teks lho anekdot hikayat pilih salah satu dan jelaskan pesan atau nilai yang biasanya ingin disampaikan penulis melalui teks tersebut berdasarkan pemahamanmu,mengaanalisis teks pesan tentang nilai moral krisis sosial informasi penting pelajaran hidup yang ingin disampaikan oleh pneulis,10
jelaskan dengan bahasamu sendiri apa yang dimaksud dengan teks laporan hasil observasi,teks laporan observasi yoiku teks kang dijelasake tentang nopo mawo teng teks niku enten unsur latar lan suara,0
sebutkan tiga ciri utama dari teks laporan hasil observasi,alur cerita tema gambaran,0
apa tujuan dibuatnya teks laporan hasil observasi jelaskan secara sederhana,tujuan dibuatkan tek observasi adalah agar di pahami dan cepat di lakukan,0
jelaskan apa yang dimaksud dengan teks anekdot menurut pemahamanmu,anekdot yaitu sebah laporan yang tidak pasti tapi dapat di pahami,0
sebutkan dua ciri yang selalu ada dalam teks anekdot,tulisan kejelasan,0
sebutkan struktur teks anekdot dan jelaskan secara singkat setiap bagiannya,tulisan setiap tek pasti memiliki tulisan maka perjelas tulisan dari teks anekdot tampilan menjadi lebih berkreasi,0
apa yang dimaksud dengan hikayat jelaskan dengan bahasamu sendiri,hikayat yoikuteks dasar seng gampang dijelasne kojok ape cerito nagnggo teks ikid adi lebih gampang,0
sebutkan tiga ciri khas hikayat sebagai karya sastra lama,crita lama tentang apa saja kejelasan biar semakin jelas,0
sebutkan struktur umum hikayat dan jelaskan fungsi masing masing bagian,pembicara menjelaskan alur laurnya penulis halus lebih jelas dan ditail,0
dari ketiga jenis teks lho anekdot hikayat pilih salah satu dan jelaskan pesan atau nilai yang biasanya ingin disampaikan penulis melalui teks tersebut berdasarkan pemahamanmu,hikayat harus lebih teliti lagi agar semua dpaat memahami apa yang seharusnya dipahami,0
